{
    "install": "messages/install.txt",
    "1.3": "messages/1.3.txt",
    "1.4": "messages/1.4.txt",
    "1.5": "messages/1.5.txt",
    "1.5.1": "messages/1.5.1.txt",
    "1.6": "messages/1.6.txt",
    "1.7": "messages/1.7.txt",
    "1.8": "messages/1.8.txt",
    "1.9": "messages/1.9.txt",
    "1.10": "messages/1.10.txt",
    "1.11": "messages/1.11.txt",
    "1.12": "messages/1.12.txt",
    "1.20": "messages/1.20.txt",
    "2.0": "messages/2.0.txt",
    "2.0.1": "messages/2.0.1.txt",
    "2.0.3": "messages/2.0.3.txt",
    "2.0.4": "messages/2.0.4.txt",
    "2.0.5": "messages/2.0.5.txt",
    "2.0.7": "messages/2.0.7.txt",
    "2.0.8": "messages/2.0.8.txt",
    "2.0.9": "messages/2.0.9.txt",
    "3.0.0": "messages/3.0.0.txt"
}
